client_id,probability
002218c52073faaf23bb26df2cffb138,0.6229753
0069d4050c7aeb341317e2e125e8fd2e,0.2841821
0083fb89aea18c408a5534cdd38d7692,0.14912826
014021fa559786c81e9e1d48d378aabb,0.93938243
01759f92152bbb3de79f9493a4a5cd6d,0.67764556
019b5770a0126c8e9653024d90c24a47,0.065045066
01cdd2938bb35672179f413d33eff98c,0.4799123
01d3775fb2681e22e24e2824207ff773,0.7316926
0232d0facd3282f8317b16a1fa7a332f,0.49832952
0238142546a9e0b4ef8a14b769a3780b,0.68066955
0255393cde0896506f6e9f43c13218de,0.6480451
026568b7a3cd99d2aaab3597911253a9,0.3286169
02c38e5b3990448f6f1febd6185255ec,0.39370775
035f8387d2dea7bda47401725835d896,0.69671714
038506db89c32294c008fae5c1df4e22,0.62826276
03eb714e5f1783667ce3d442661b2229,0.5383001
03efb0f0c95daa0b02cabf04679088a4,0.52895576
0433dca07ab24e4637ae6e2623743fa7,0.2861781
04c612cce1088d68cdc96b7daddfde8b,0.4828256
04e889ad08182788e9aa9a24781cfcc3,0.095738366
04f8166edf36837eed65872549e34276,0.33348933
053e23227360c3dc193644ab67649479,0.75964594
056ffeb0a7354fc63466fde5bd97bc53,0.8072031
06fbfdd5130e86ba92dc8227c9ab576f,0.57730806
0708aafb59be1c5883f828d93c3d4554,0.081066355
07133675964764ae7b4e3bab62775fff,0.73214394
07e030daed7a613f440d1b063a267355,0.38608918
07fe858d26127b0050538f98f555d151,0.46587604
081cac1126d838e9451ae8e38ef0838c,0.64756435
088304f0972a4118cdb8e54a59054d52,0.8056065
090d8a7ec72583bd43d2d4708ba8f3dd,0.9568345
09101afc651d96df1772d9d7b08cba2a,0.26194766
095c222474bfafda68236758964916a4,0.8125031
09f496253c803fb33d4fa167c7f16b50,0.6990416
0a42d72d5f8e633bce3ad88283e35b32,0.3716134
0ac0c7fa0e14e7c7827ef1818ae2ca66,0.6715555
0adbac13d3e75dccbea5ff1c03a0afe5,0.8322711
0ae081b41c51d1780f252a11fcb14e83,0.044515293
0af41dd557bf452cbdc9b8ff81bd7230,0.4398735
0b7ef654415c3835a7f46c45537da5d6,0.1377137
0c60effea5218f9676283ad9062ad6c5,0.35537902
0c73c310fa2f1b5279f20c5300f2b925,0.23116936
0c90c478230fcb43ea7492c9f604c1b5,0.12268736
0d11f81b16275479b3745c41e5817431,0.39842138
0d771c2e252240c59858f288fff87907,0.62644774
0d7c26c7028463f9d8a039c432265a98,0.24314603
0d90133f20d690f9dcceef85c545a743,0.02145216
0ddf9a8778d93b887117be12ab67f71f,0.11317197
0e3849ad5378657bbea97057b6cbdca6,0.8346334
0e463cde765c6226d417f78e05e10c4f,0.39375284
0ef1908e7689a3783e650d320b3de76d,0.061693452
0f5c62682963a712c12ae4e4c23d6e63,0.7699556
0f82dcefeed6e30f0a382f66b7db88c7,0.6022388
0f970f7a111d92e82e153ccef9d56eb9,0.22970793
0fad4cc0bad65ff0394a4e20bb8e2b27,0.5265374
0ff0fe649132037f6f5bdcb4084dc154,0.10552545
103d968a05e81dc8150b525e31da4035,0.5912927
10c378ecadfdab85149fbffcf2202db9,0.23518251
10d96802d37bd222b0cdfc269cb5da76,0.3471296
110c752138e8039d919bc4733be894fb,0.41653717
11656f3e839565bb7daff8469fbdd4a3,0.19409534
11f1ffb065a96bd210cfc755bfddfbff,0.2120651
1207e6d84c6785af3022c1523af76ac0,0.2859803
1230f8a4d34bf55cabebcfa4107a587f,0.038003597
12362c05404834dc4c6c1cb1cb4c2cd0,0.34491742
123cc9e6e6034c8f42430a27fedb4d5c,0.44374448
128e431eb623724242a4678a341ee302,0.2412656
13189a768f328bf7e036c764fe9e54b6,0.20864053
137b88ab97a3fa80ebb42bfd306a8965,0.34938204
138a2aff06b5ab333a900e33a7a1f10b,0.45184729
1460dcbded1a7662ae3dfc75303b61c2,0.4008152
146a361db097b387400fcfb81b61ab64,0.15068911
147741a0811c674e0fb00808d52b2695,0.8204995
14b92a7ee75652db14eaba2c7a40a369,0.12765491
14c6a248c4b72c2621fb7809d73094e4,0.51232845
1561e4d7adf51abaaa7100d91b91fced,0.32071587
1566036a98f21f80c822bd19423a869a,0.28457475
157e2f0667575192b526fa8feca3a779,0.24176003
159f787755ab1b81316770c2c32919ad,0.75006336
1643bc583f09e71bf8237a0cbadf7039,0.49509907
16574417ec891339c88a983bbddfdec0,0.7824226
16bedb0b451744a9e6c465afaf9ab943,0.11717664
16d5f5a5bbb104c224577a4d75689f06,0.8431488
16d8766aaff61ee9e7ac9f386db8e0fc,0.059561964
175fc778b2dc434b73beb4bf3651d092,0.44474614
177377c1f9da61c18e2979dba631d8f9,0.9620912
17863265e795a5ccf1e4ce9d861159db,0.9556903
1799ca9b2f5f2b03d1e9cf059b2b1219,0.4942276
17b4358c1ed345d881649d350e0dabc7,0.62641335
17bd8e0911569eb27ab1fe592b5918be,0.4000677
1844a5a6507015f4fc3078f21dee0dbe,0.45306137
1856e422d692d04c44f3c2d9ea762a4b,0.14635466
187bb017d01a9a125d58da76ec1d24b0,0.4142565
187f1e3180a43c0806cae12ef28a2def,0.17929465
18c89d23036cc2241467e6aa801d4532,0.109411456
18cb4fb294aed3e2f70b3c05b34a1630,0.16018917
1938b7cb85bfd2c01f953294576d1e33,0.9604586
19aa61630f46c329d58a94d7ec811220,0.37509876
19ce9160bf70256800fa532ad4e73ce4,0.23745997
19dd141c21029cdfeda7622031fbe7c8,0.54345423
1a97b95b5fd2159a3c114dbcf8453a07,0.377214
1aa2a36ff817401289914a5fe43afd47,0.31187153
1b4ef2b51648d4e2e260a846ef266e4b,0.07141063
1b8ae0a863c5eadc6e0c13dae558f169,0.72346157
1b95cf714be0647767080354fd7cf079,0.45389256
1c07ac7cf4c7a8f539d4cf68d5b794b8,0.83794373
1c3126f37ea188db88033f24244311ba,0.855749
1c799cff9ded67facac26128d5afceae,0.03992426
1c8a551fba8087ef64c678982913f551,0.21402118
1cad119091fd09fb7d7d0acdb7a2d616,0.75529045
1d100219fc467704e2b0f684c753a1dc,0.6391704
1dce9638fca8cc53b41900c4edf9131f,0.25767624
1dd1efe731c0f72fba9b0c73f3e77add,0.72799015
1dd8a76776b6cf303e97ac86f12c1400,0.913363
1e8e7c03fc1d96703c750443494b287a,0.27492157
1eade58e33d74fd59c9ce2460c4f171c,0.38344607
1f4ef956c6822a878e572a2376fcb5d9,0.25401077
1f5115773f578bb4056b973e6e7a0593,0.7109633
1f5c9f01df235cf2a0115bf4f42454b4,0.34546006
1f82c805464a70e324a8dcdc684d5409,0.29712635
1f8512a3ca5c9f863a9171cf04ff0a6e,0.3125963
1fc85c262cbef9068fe27db0f5675e8d,0.8938131
208cf9c933c3e20749fae623309b6549,0.09493571
20dfeed7bcee88775061df639c060983,0.5150604
2179e54dc1d8e2dd6d80714280aadbbb,0.71933275
21b02ad331a533c590294fa2a06eae95,0.78982186
21b6e367d4a73d07b54eb2e7f844d036,0.31503344
21f43770a63dfede36ca2d328b8de888,0.7459664
2267a21affb9653362e70c1bbeaabd19,0.069895096
22752e0cdf783fbc0a12893a83eb9025,0.8117967
22fd18b812fa4cb5d53879c1541bfcf3,0.10442224
230d3dea0b56f1ec1b4fe03d421865af,0.424549
23550db55b90443a3f30a9111b6996ce,0.5272973
23b9f4703e8904f0dfb5d05dba11d798,0.5495979
242fbba9c28a9a14135970d5a7c0fe6e,0.92002755
24a63dfd4e20dad30f2b3bc047eefaf7,0.30917153
24e025cbc49a7a26d9e29f0592b8095a,0.5373341
251431637700df09154c635ad1c00d24,0.5794167
26288a7e4c578dd9f8a559282e389eb5,0.36528063
26aa002f6899db01456a195784a5b6f7,0.089450665
26d7c634d050159934bc818c9330d88d,0.051987756
26edfc476a4caaae1baecf051eb1b432,0.71906525
270c750e77ba71f1893119dddf3888a1,0.26582465
274ad6dda7f11e219e2593ef1b0013c5,0.8926156
290c3bb9c2c709d41ebe5cb8bc278048,0.493292
29b1499fa9d6d3c06e9e3f6c4ceaf42a,0.09492506
29bac96a98fb97e4925bcc4273a36a4c,0.6431847
2a037a158776e67ba33d93b64e76fcb1,0.6494579
2b265f10df352b6f590ab4ea856fd5fc,0.6207414
2b5a39d27e8808931217fac9a96eae0d,0.47532135
2beaf3b86f3ef8883c393a45c076a1a1,0.33772933
2c137d748e2e4032bbe00344828558a2,0.13405654
2c5443f55ad82fc02c09020d77568a87,0.78571695
2c84951cecc8d6575f2c09bd63c6b53a,0.055443063
2ca96420038aea24a51db460cbc9bd99,0.69078493
2ceedfb41d51a8524eb67e5c510a0d52,0.4759414
2cf58cd255048aa5ad65e4f44d791a40,0.6864236
2d4858133dbd7db0b65ee0721dbd67cb,0.12662351
2d6fb4f18e3c641d9b3924daebb3acaf,0.3648175
2dcf0ec41e2a4ccc20143b0e36bae5c0,0.38892168
2ddabe3c67faf556bdb652470196ce94,0.20630303
2f0b3371d81381994cae1699c067c3c5,0.5278377
2f3af495b54b52cc96343205c17f27d9,0.55333287
2f751954898db113373a5f2e96d8c310,0.09735716
2f7d48d6c25e1a4f4c4976a03cd880cb,0.42459995
302da6b2274fdc2690372b681c1fbd5f,0.43305665
305375e6f475d6297361d06880e05108,0.8029164
30543381520323b653d076ef51dbf4af,0.7953232
30669b7b5ff4ac087947fe3de9eb7df7,0.3568773
30e067538b20832bd6cadc8fa28452cb,0.043386575
31807d345d4dfd01c9a0d638386fc295,0.4691375
31f8b256aa6bd7a3cf18afbb9ef73246,0.8076279
3237ecd3f59e48ee45432c0c840417fc,0.7156407
32e387b6e006f0d936591de8ce4cea55,0.6288706
32e3ead87b2eb9729db830c23eb4116d,0.055352688
32e9b61fce2917ed59cf09b27a2c2d0a,0.26571387
32f14f792d60a5bbae5ebd47f4ceeefc,0.11401278
348b1fe222c97db91c783c7f3c4db6b1,0.24628074
34c9e0979febb586556b5614b556f84c,0.44278827
34d771cbf883643f0e1d892ccbed5e12,0.6516647
34e57f708aa52f25fae1725bbede6a7e,0.39051145
35c63610a18fd9479f097e06a8556479,0.53604525
3646571bcdb5ddf2da1cdc6943d274f4,0.048116393
36a4d92ad6a87dd1aa3abfeb3c6315be,0.069983624
36f2b6ea13d76183ba8200d89cce6e1a,0.32765707
36fdcd374dccba314e184d1bc8285250,0.44173092
37979462eee882f4bc2ba207a48c9c3f,0.6383425
37a0f6933f49c1202d0233aa18d7e683,0.20407252
37a9b22b0aedaedc75cf78836aadfb07,0.087281585
386a59c5046d3cc8075b29defdf2e1de,0.2717286
3885c19a0259e0e20b76e4a6d809acc9,0.95310056
38a67fccffc6ce108838088cd5ab9013,0.6989694
3944973a39836d907307aa2fb01a51af,0.73287606
39d01adc67e524f67fb7f924feca408d,0.47193274
3c0d5858ab1fbb9c0f8e9b410d2331a5,0.18220225
3c21c6c9522551c56dd82b78d14ce2ee,0.9429798
3cb90aa725875abcb13e5472623c49d6,0.02878282
3cc9a5a997c89e08609e34f7c2b26960,0.28325915
3cfef297ec35f7e70942e2659d80f8c2,0.8498706
3d0e7ab3d27e0f6be2a3b009b1267194,0.6016357
3dd138364dd2b78c698fc9c0317e4d8d,0.4860048
3dda2aad75f4aa22b61c1e7e0c7affa6,0.16389666
3e306994a0cfc39e703418c69eaee8b2,0.8429167
3e456492ddea48232cd921fee013e927,0.5630113
3e97d93d93bb3fd3af8a1cf775bfc987,0.34704632
3ebe899afd3146152854c84bae426812,0.23020753
3f11d9f0411c143e8272b3d6a1bc0a49,0.31020707
3fb8f08fc12d0d53191cc35f543ad1ff,0.83232594
3fd7bdf33dff977192232420c26a02e8,0.6848116
402346432985ad3f02dc0558d7825712,0.065572575
40833f7d72d1a499565a247e031a4625,0.30553997
4085c0895aeecbbc349aeea0f2013101,0.7384878
41146ce831aa7fb0eb11c5d056f4486a,0.10860827
41499f4b1ac4b4c92f972e976f667996,0.44449702
419e3c44513404f90c27fc9b2dc97af5,0.9218303
41a72c0c63cb24d78b2710193edf31d6,0.49206033
41aff7e3dbfa6893e3ab70049373e89f,0.6299729
41f3902c8d140e0b25e5935a5d82f6ab,0.4416466
4205bbd2fa65b4ae88e6d086e979c183,0.13395414
4253d34ad88210746dbde20a5f709d53,0.5613207
42a91e77e9dca2a3dfaf9acaf41af913,0.74540305
42bc7e3300fb3ad7a6c2ac09674076db,0.6306231
43510a0facd1f0653838f6cad04608f6,0.044312757
43c2ea3482544a4f64d158546862bccf,0.40774128
4450f274c72cd90b32565738c64cdc1e,0.56773245
447f896dc49eb7deafa2c8388886427b,0.2994765
4483f33e920f45bf3a30f6f0d0e2e534,0.22936133
448f15a0f9ff955a77a7d61d9d9a489b,0.9250714
449813ff3f5a8a8d9fbc3fc03edce90b,0.61602885
44a6dae928705cbbdd82a4ebae6c115e,0.04937545
44c46e9eafc561d6eba535b2fb33321d,0.122013904
454cded3cf3ec24ad48c31d1c04d3f37,0.11010821
462b7062cc829bc9e360fb2286433184,0.23088236
465b996d74e05ff8b2af624eba356cc4,0.12040654
46c32c6818464df1ae4b91ada410b007,0.1482808
4750af83b1a42e3f45892a3029753c28,0.84374607
4763700551016248d5c65a222980f181,0.23258999
47c43e83cfe626d622098b18b27239e3,0.63296795
481630dc224a210e3255afbbdaa34f79,0.8222902
481a6c3d720cc98cd9d187e1a0706329,0.17782946
4832ccb027149290f5dea864aa3866f2,0.25723332
48b5a7e91ed9fef6c51cb5c547abb5ee,0.8847539
49711c35baedac3dc87cb5629b55ea94,0.111655235
49a4319a96205bdd1519f1d7fbdf0890,0.19465621
4a97c6b93ad707718599d7ea64de0e25,0.8876733
4afd1e7ea3bc30a7fc1d9668d0969830,0.28999203
4b04cf6af4125eff5915a120e026e6c9,0.28379747
4c48add89ccec103c006d17ea3282178,0.0268409
4ceb1bbf445940b4681cd752d9d35ed9,0.3547267
4d22f73f3f300b546464f4f34f655d74,0.49408478
4d52521f797dab274f6a539d9de02cc2,0.853723
4d61ba8cf5711f11fd5e260e8965a9d6,0.40851712
4d86a284e904ac842c3e71d5855e71f0,0.23631549
4e11672ac33b14847b9aa65cc56e4709,0.23590393
4e63e0405272dacd06a4fcba28283b0f,0.18796165
4e6450befb6da6474f12ad4f3433a826,0.7230614
4e731341bedfdd8a9509204b25ea4108,0.5246791
4ec7c9161cf6ff9f53f7c3648f540d7f,0.40452632
4f8f898cd55e81ba277819f37504d7a3,0.8494405
4fa5f58b3500ecd2070fbea1c0b2a58b,0.09941317
50c2d61003cc32819eb6bf4d822af546,0.513252
515401fef3b2674821f0acee58b5b2e6,0.38499853
5168fa0ec6923163feb59dffa6b9774b,0.35475254
51ca84230ef2d5af22004305ab549098,0.63397074
526273e0d93cb99922905da6e439d8a3,0.39722034
5288839aa656ea5ab27f9b110ff6e201,0.74713236
533c25b4b650071653565a49ffccc479,0.20105304
5460691182979ac0d2fb763363419535,0.90370905
54f6566a84d182c59ef3928c6b1c5d90,0.20025335
555a4963db813dd7b0b8d70562754a58,0.14639744
558faee7406823dee81392599f9e0fb1,0.5852921
56157a892db8ab471761e8d063eb3f71,0.89612395
5698a25223537fbd57aea98736696234,0.9470226
56cdbec413064c1c275fde7f6edee5a7,0.43783054
56e83cac646c000bcae2a306f47f5fce,0.20230028
56e8be18f76089c398021ed3f34962d3,0.3076823
5701fe145b67fe2f53aa9bfc971dd96d,0.41125596
575ed23d5b4cbe1d708acd549d0e57e8,0.84981835
57a13ba881a745a2afab860dfa78948f,0.3952937
57d1e82b7c39c1272541f9ec9b759f35,0.37519035
58337f92fbf9838df45ed893e1e82a89,0.31943166
5846cd3fa2e61812ce42e85cca80d188,0.2907266
585ee41f0581dc94a719e7556523bd42,0.30233943
586f502860f9c96ca4d463d0b0f047ce,0.04060275
58e158e8ffba45551e45ae5761be7241,0.15792066
592f66930c8afd85f73a563740736afc,0.42611954
59365781c9a6fa2ebc63e601149e11eb,0.34591907
593fbcd6606c9d045e6deb658b181bb2,0.13401654
594d1f361e44474328a8cd1f40ccdbfd,0.86452025
5963661ff1393bc7823726039e056c4b,0.1089149
5a3558dba9e01e49607776ee6d9e1c5f,0.2349559
5a3b86b47829977f56e419b4745c1898,0.5528017
5a5ae67416bd80efe5370bf897bea58e,0.65111846
5ad05c06ba8584797f59fa7752580449,0.12775746
5adc8c3d1f637d168f54f126baf72819,0.67601454
5ae53506303065cd6ea270af103d3cfd,0.6057169
5b15ea3985c0893c8fe28f9526f5f1a3,0.3119804
5b4b5573bfa6f8f8083c2ebe63fb2ca8,0.9038747
5b5e1c307f44d5a19324250e427b4193,0.40070343
5b5f4597b5004b98139b9422235ccb58,0.5297822
5be2314f09f8f6299127d9d4e003c0d0,0.5080799
5cb635594dc2e5fc21b3875f798983a7,0.11782177
5db0669e462366d6e5f7c2b8c5253914,0.31598413
5eebb793c5a8498c13681d9d1574e377,0.41927046
5f023a881fd144851163b6e5842ef182,0.46495575
5f3d906cc4ff5ee0effcbda4f9925575,0.90591687
5f4244638a3d052c59df2ae5334a6305,0.7558763
5f56d6576783220d6dd7f224e54d794f,0.6642149
5fa5d246e3c2692eecf47b75615c60c2,0.08833325
609ca9518531577cdceebaac072bf409,0.17295352
60c5dbe49dd37add2df45b4164c25ebe,0.35321066
613bdfa010b57b39741096aae8d98b76,0.3215255
6250bfd8538bff3f835cb1e3c9a35f71,0.7120513
6284b2cb0c2364a2e4ddc3dcf6c2156a,0.28518465
6382e7eab0656891cd576702a9a45446,0.603662
63cc54897eae0bd56396bb3df6513c4f,0.270309
63d0e6f690c386895d4e08fe5d0e688f,0.1499932
641064c94be67dcc507f03aba388a872,0.17859806
641be7d65a4a865faaa155429ea80c3c,0.16193151
644d761632e7fb4339d61f554c119bc1,0.13294001
6460db5f998f39be8610aafdc9aa8f55,0.109351784
64ee202c4fd9b204ede4d2bcf8ee3999,0.44160795
64f2e4c12f16620c7c59fbb38f191982,0.07507457
64f4f7dad42c28513f7ba28fa60e97e8,0.26096624
655d3710c5bf14e5dd2db18f3ea3157d,0.09026165
6599b53b685c9f316e60a6fcfeaf3a18,0.056885734
65d6e3e70dcc36f59fd36b764a737662,0.37007734
65d9b0d4d8ce5681f920abe9024fb754,0.31208363
6602b3e1b9f0e28a2f6149debb476f05,0.49670956
6618134ff921dc9ee4c8843103890044,0.6540231
663a854d19b834b0f618f9efae0f6b66,0.7965925
663d83eec687ea12ba470a4b9170469f,0.14514439
664c13a1d033d4968421c8d789a51491,0.4651529
66c2bfc7172a54c85b34adca78fd00c9,0.38443586
66dab4749cc357d828629d84620423e5,0.53275186
66e041602746a244d8198905e7f01daf,0.33545306
672de9e5c61b18c3f33259e0fe94102f,0.3403742
672eb8181dbbe6721b9dcb9822a0d95a,0.50026166
674b73d663145b78ddfe9f92752d6b7c,0.5945903
67acc203cdcfef90a14369c4d4b3587d,0.2606754
67b307744c628eeee0d08eff93d71bd6,0.5251754
6804c1e9e4c8b11bae3bd82bee764052,0.70941055
68134213e5d9c154bfa17ebc82f98319,0.27597147
6849213c7a47bcdbe2b733721692a014,0.7919624
6899424d5d9c65aaa2d57fc74e2e644a,0.31227016
68c7fcdbdbf9abb3c061ae754939f645,0.48655182
691babba2be2e16a5ff2fae539081df7,0.8853493
692a33fd43ff64e75261f8b8afebccb3,0.42304224
6953fe819b99c13aac443292a4d220e7,0.886182
6a2b5e932faa624943b702f9b9c1837e,0.21686175
6a46a93abc2f9bc085124f41839ccd04,0.077317774
6a5f3a79413ef7c127495525752faf3a,0.8941264
6ab72b4de20634e66fb35281c01d419f,0.23180711
6b1bf5dcb20f33efb520178a29577477,0.6279111
6b20ec4a0b7010ae1deb1c72b7506e7e,0.13950562
6b4fce7677d731a405460fc9a7438311,0.66859245
6bde4b706fa5028be4810b1ed22a571d,0.038572423
6c6dbeb09c4c705d0fd26d4fb4afd5a3,0.18775147
6c740b616fabb5f11efa388431ca58ed,0.20134202
6c7f123d86783792cfb2a889618cfeb9,0.37049222
6ca0d9136c759cb1dbb5d4ecac758871,0.13669798
6cd7c62ee9d81f8521476edc422e1641,0.7951785
6d229e22deff9a29582e7567e54265c5,0.5549981
6d607bd8cc87c5ab45b61d5485b79601,0.9483664
6d97a8226bf92a20b10fffbdf1dd91b2,0.099844724
6db0c4375fc6a0f097212ce7da23142b,0.38762644
6e809e8160c3f02036cc49203e6ed1d0,0.87113005
6ecdbf55810a3d5bbb2ba94cf4e136a7,0.32641202
6f452dd2295a030e9b56666034f8235e,0.39388314
6f8d54fad6cc449765fa68fe2d583145,0.055961646
6f8e218adcbb4b5138367f1766425a4d,0.34035397
6fa14adcc0851731095ac8cfa3224c9a,0.15361868
6fd55370fafb8f31240e4b798cb2abf3,0.48022243
6fddab9c2cfb764dadf1783834f7fd83,0.06714721
70571faa93cac34c80e485b452d3f98f,0.86257136
705c767dbe2af26139ce5cd73fc96210,0.8363472
71552240dd63b2a4b5e3fe5613a2c1e2,0.67728513
715fc7d6dd153dbae39599128c9e40d8,0.87956625
718dda00c6923f01b6d2e7b74d4a292c,0.50117815
7273cabbf6890cc9692f1537734783e3,0.8515712
7289dc50fc510efc9ca2788c3277601e,0.60058725
72d1b09b27378be8fad5623a682a0b2f,0.95868444
7308c625050427d3af4b837f1b58be63,0.25366458
732d972fb071453c17cd817b295cca70,0.36103898
736581d94bd8726073ea5d856c4b3a60,0.7199477
73b55cec5dec2566fdfe110f311668ca,0.13471194
73c30d3c73e54ecac2b9e5239a888065,0.43987888
73de62db161edc620fbb94fa0c08a2e9,0.44664815
7412517ca11f3eb1ad457072e1ac1412,0.12039023
743688b62e8c2c87adf16c80f50b663b,0.8165444
756a71cb14c23dbc29b7ed8397dc036b,0.38899705
7596b152495a3cb24eea282bae111941,0.907973
75e18e39f0e650ec9a981b9fb52454a1,0.09657606
75ef4ee394f14cb5631015861f54410b,0.8401269
7619dd10025707aae83d464883ccbe26,0.6285808
7687c82e2bddcf70574cc37dde6a4106,0.6427279
76dcda12f59def30c67c0779220750f8,0.643063
76e5f7be481920e62278dc9e63d78238,0.28416643
76fc88d6d91e94390d282ca6a33ca725,0.3987128
7803c681704a0bc142b334097a2604b5,0.45474726
78ae79a364bc5f7cfc7122a25c346045,0.6141827
799326670ee9b3cce2af53170662831e,0.063068874
79d83fa87570c84a4b5f153e68be1fe5,0.22293912
7a0b3086e56530bb1b3c008b5e7b4879,0.7224653
7a1964d4f78aa6f839ceffdc2725970a,0.07524306
7a2fca05e21c7067b00fe8ee8df0353a,0.09495446
7a67392b97d01aec1ae0cb9246ab1081,0.051195014
7a713c2abfbb034ab342578a6fac58ae,0.39019096
7a7e2edb67860307da9cc1c0b9facbda,0.8544447
7addb407d2a9de91e5d41bbb0adbc407,0.3902728
7b355f484172ada698cba0bd697e4ef6,0.39931
7bb3ba41cc3e3077c70f8f270423804c,0.35742405
7c4f87a44bcf11b1250e8fa0546af712,0.7649973
7c689d697071fc2375b30191c886367c,0.6954313
7cb47bf9d071733c36df63f87c3a98a5,0.77349424
7d5abbe8c74a8779ba490399fdb94f89,0.17203681
7dfcfa431a7f0a5a7f116b0d783ffc5d,0.48161367
7e42f11b24fb144f2bd1a6051aa0f127,0.89008206
7e517b50e499036daa01f0e66aa7fdf6,0.41158575
7eb45a6e9c25d1300d366eb2919b138b,0.44706026
7ecf8655a4f330b51d137c5dad3a301e,0.6999835
7fc1e49afda89c62daab7d2616bd6b1e,0.369982
7fdb78c8b989ee58ddbbf7b7f9159535,0.57888
7ffed26d33ff4a0f4120a65ce57eed35,0.11475924
801584afe2a7edb4dc3fe855152bd98c,0.68951356
80202c047a1251c6cc7c1358981d3c26,0.8355557
80fca37516210b545dff029f55bc47d3,0.055859204
814394434605611feebd6f37b58a8344,0.27926496
81a9716a3457d8216658a78216ad24d1,0.46645245
81edc07b1a0b6a7472516b023abcdce0,0.23978512
81fb810af6ac679fd6a12b890ce23660,0.15712517
824d31ea57a62f3a4b9de664ec7305f0,0.3248154
82dcabaa51b72ccdf28c4cb216ab549f,0.42839378
83439e543c516cc4d2d65b50b0cda7f2,0.7861993
83936d83e3c286ea302fb39929dcbd0b,0.35157496
850477a463787800b03280bd98b46ea1,0.48199543
8507da0222d614f01c45a10d33ed5758,0.72975034
858542b4506ea28fbf1cc1dab3dbbfab,0.28512764
85d4eb5dedf3e1e9c55656ed75fc7289,0.8217461
86204b5b515f0150d6ce480e6fb0ccf7,0.2719586
866a6716d2d45badb26cff60ad3108d5,0.9080789
86854e1f3afe2e7247bf8498f3273a97,0.057700597
86bcdf69708c75c5711eee5c09479377,0.9668077
877101bb1328eee1806d591dee1e137b,0.4430795
877afd262bb3b279b41807a90a8842cc,0.72871614
87aac7cf27feeb5b8f97cee4b34ea959,0.42393216
884356881727a5434cdf9862ae9359a1,0.8666253
887b4a482f565dc8fb621be04c666d1b,0.32670805
88edbb01433dfc9ca6d5d6d4ad2283ea,0.24952853
88fd8f699c9478da15c98cb6f0629488,0.6769608
8975a9a4838dc8fb262061acaabc6948,0.07919754
898cb404ddf4b1a674cd4d0152310ffb,0.20474134
899e34beeb868fb3324c7526d9e3aa94,0.31775215
89a70264917728778fd9373f9233692e,0.064047866
89df1810e24ff2153ea422d00929831b,0.157858
8a732805d3b49d15ee8fe04f711309d5,0.8075817
8ae4b48aa88b79ac0878bd6d224b3029,0.30733976
8b2f00cad1ee31a8d1055696b5f66250,0.95422924
8bd1a7cceb9293a6b548ec9533fdfdb5,0.48723403
8bdb73aa66fa091bbac5b7dc811dbbda,0.25828353
8c3190e864e1322def1cbc5da02452f1,0.23830499
8c3d44a23bd4475f200446e02a931eb3,0.45360216
8cb6157e6f0c0279dddc779c7a258d91,0.21622072
8ccc0b00d112390769594df3a8f277f7,0.33620203
8d06a3d8f4a0ed34dd4e05817f319bbd,0.33785754
8d78276ef7d41163c1f78a7bf30b6cc1,0.15912636
8d80491ed954c955ee4dd122934f2303,0.34900385
8dcd9bd1f339e7c9e8225820695b9912,0.17157985
8de9b781ae9232ea0aa6ae3af732d5db,0.03353093
8e29ba1ca01f44cbbddcd8624f6432df,0.46862245
8e7e058b5b89040b57aa48198ce5486a,0.092437975
8eb4c5711c335f9a8bdea472660faa75,0.051417544
8eec8734cd98dfe6c23d30701da2dcdd,0.14285743
8ef66a1cd54d592b2927373818a44c73,0.7966496
8f31d36ed8797b7db637b6ef2ef47e2a,0.21295913
8f5522c3ff8462655486698c4cc449ed,0.34498647
8f8cbfc41992a5d3b6857d829217e408,0.3511418
8fe0ad209da47d271981f3fee0cb1b6f,0.4471386
8ffa819e28333261e67161c43e076721,0.67200696
9083721835938c77ca3cc7055b420d5c,0.3893182
9088d7ce9232add54364e5620696c757,0.90521395
90bd3f3d45d0155f1d166002987f5b90,0.5235048
90c9b3f4be613c39a5f1feeeeed7f9e6,0.4228213
90e391b8672a7e706ee822687d0eaf54,0.14185518
918f473893bb0cad92c576fbb0d69987,0.66606086
91ff03bc840fe7cd3ce803f98f25a7dd,0.3502397
92131faf8ff9aa6efb7a911072e4e961,0.47503904
9216f8882cd1ea2d77198a8e7e8f6c5f,0.10604813
9228a784fc57def569a3aef2048872e4,0.54291534
92bbdffd70dce42171530e228f67e6f6,0.2960878
92e957ccbdb765653194e1b82f9a1dc1,0.5671613
92ea676de035f02eab2f6a9c7595f670,0.14969201
93109b14bd27fd9b92b1f57b51f7b70b,0.80154544
934c0a5b384a45667929ae5eb19be8b0,0.7795412
94191c7606347a496020867dd9e25c64,0.036484923
9423d7fcdb3a842e5cbc9575b9c895ae,0.09042335
94723ac8417cef6e7331140b5baa5d81,0.106335245
947913ba3f5f459a5b5d243374d0b4e8,0.10445336
94ce6927f305049250499d8c90150379,0.29104346
94de531116d8ca5dfbe2a83a396db6b9,0.30850074
955c4c8db0685dc0e1e7353c62c31451,0.3416443
96606febeda00077a63295e50b69e18c,0.5555692
97144e8da0abdeb5776d41af922f1076,0.19606718
97c628a164f281c185805c2c2fbb210e,0.30145434
9843314a890cf2c290899f686c2948aa,0.8681191
9882b95ebce98b7972c4eed69e125ac5,0.069788545
98b630756cf37b76566aba86a0843fb5,0.12863037
98be29be38f40b95f7610c9d0b994d92,0.5912215
991d09b09e0f03bbc0231621e177a2aa,0.53463095
992cd6d98a2dece5926b7edb9a7fb86f,0.48673075
996bb88df3324c05d18294be715071ba,0.78914654
99a2f58358f6c2c8d2bb23dd919ba21d,0.12599562
99bc423bc16753e19e67b4a1ae11ff3e,0.16319206
99bf7b71ef7a34621320261ede8a4dbc,0.6702931
99fc754912650d03059242b7478f18d8,0.88486296
9a1f4b0b6b9c0be6c3d273af03dc57de,0.35420808
9a79641e9c3e424f9d2b26827e3577f7,0.6951421
9ac04764c208cb8d78fdaf5491ee7b65,0.6558999
9b18268be66ea560f20891efc27a70cf,0.2920924
9b249bb0edaeb53e999fd83aa1bedf0b,0.2240064
9c2c0d1dd1fd70fba560c4df9382d29a,0.07200482
9ca2f5f63cd20eaa5017974a949b760f,0.048293654
9ca939881801b6f47dfd295d276c1671,0.09726476
9d5fb2c68bf39cbffbd7cbad0708d939,0.063396126
9d6e8dcce60c1da3e575ee1946719b24,0.85789585
9d802dcfafd485564dd56d15a7df47d0,0.10795679
9f05fc89a487bafefa57a2b7f25bcbcc,0.21401696
9f07a4f802502987f2d7e79ccfb48fac,0.5794773
9f0e63bbd1efa1727703e7bfd6d437b6,0.11055858
9f77e22d29934bb1f84f665c8029f298,0.548575
9fa543ea170a7581d54b46f3cadec4d6,0.2018157
9fe2a27526dfd3f133b0384a87254376,0.085152075
a0f59549961faea0e48bc0337406aa08,0.5440112
a1088cb31f063e68d9486e9fa562a162,0.73279995
a2225945e0dd394c4b4469c52715ad3d,0.45151624
a24e90345152db1c5e68a0d081a42ac3,0.11427016
a2e0778098fc2e8aea61e7f7d86c651b,0.9613122
a2fba5f921c868356b9a6f43615c83eb,0.13134347
a34a28e51c063fc6c670bfaf9e346c56,0.11872447
a3853a82f348307b9e4d50ecd2aaac9f,0.12449384
a41d41df84ff234f81bfe5c33ee2287f,0.9293322
a5157102ca302b8d7bd7c0c10f57af4f,0.573715
a52c0b84587e486de78e5c0793e5aac9,0.41805667
a54930bfcaf3b0c62e57a2fd5a0f221e,0.81852245
a57e8fcd1976e4a47a637ae0a23e86e5,0.49879026
a5997c311d26b8b9bc463ebc53a4e857,0.07956293
a61249495da236228550898062ababc2,0.14231683
a6283d0965744425baa060d830a441d6,0.3985202
a643ac78887011efaf5f3a32ccdab6db,0.89824295
a752412982dcc2339abdc12f8bedb29f,0.6087454
a7764f29065838b57e15d8bbc16934c4,0.8325309
a795563dd3222f022f4482ab69614fe2,0.26150388
a79d235177f2b6f6eeb18bb2ee92c3b3,0.3222236
a83cffe088d09bc185e2e5b2c8fd3791,0.37113157
a8a2b5dcd3f3931a0130264a628ae398,0.2927685
a9aeb72f145de0fa9d690863a29efe9c,0.29552448
aa45686833f5c3dc73f7ff1dfdf19587,0.67936474
aa5dc9ee527be49f07f2c00c0fba47fe,0.449143
aa90f7101715768e9ffe4f6454f37cf5,0.5553534
aa9252d2b26afd2331e1bfcddc4b9a20,0.12788515
aab572265e384b16a933c8b901f0f76e,0.06728252
ab2dd67afd9d5646af35e80f3cf9ad23,0.663235
ac198360a4d46d4349ee20aa0e1b62af,0.9124251
ac281592786482d46846c68b5914e0ed,0.05960951
ac44f0f16b5c07da36321f0a81ce3759,0.16822743
ac7cf84dc251717ab7cceda3de250fc8,0.28392857
ac82a7aeabbefc3ed9b13b290e955925,0.43429062
ac85cf7ddf00a22912abe27d6958c3af,0.5267895
acc84032917861532e2de29f482e9aa4,0.16836008
acfb1fd97b5b36e564aed73ff5690a40,0.07002879
ad23d05929724dc671ba38db39af3a6c,0.047988497
ad5a7c45ac53546879b41376052fbfdc,0.32485288
adab01d6865023df8b516944db62473e,0.35722727
adb3df35d4be759adc4fd4191698a049,0.87329966
adcc9b0da31923388f5281be44b2e38d,0.2898988
ade222920063e34aab9064a9d2ef6dde,0.6154022
ae44ec530302f887bc5a084897e997a0,0.051294327
ae566d65c97780aa89dac453b19fd893,0.8256464
ae5983aa1c7cccfef69678d53d1dffd7,0.14517759
aea98c0a2d07f10f90884fc4bc6c26a0,0.10386892
afdbf79b56a5c462e64392e2e0714cd8,0.7485502
b04c2b2816df378b0d599e1b9836d527,0.60434526
b07e5edf2ea48d9c54424f8fc432d102,0.6509045
b082104563ec2c9f839de7da02a1defb,0.21665621
b146c69f804df8a83dd46d13a49dab21,0.4789838
b1874ed0b1af6313846ac86802e858e0,0.8384503
b2727f4d040074c9ee9e8154ab3950df,0.1184063
b27dc6dc1eb4e6430be6d39e40241233,0.14860615
b2f210cb171e425463e57981f15086b3,0.10794058
b315d9f730d59b1608411cd9c1e9486d,0.59507865
b3539346119c37dc699079a9bf80bc51,0.14387175
b369800c606a3c62d53c0aa5edb286fc,0.42406157
b36e3323279db077b7f8b5dfe0088397,0.05792661
b3d24a79473d8786becbcb7c4adce6bc,0.4206692
b58d76184f8ad23bb3df64be043f9218,0.2198313
b5fc380541c3930afaf98f5d8ea10865,0.8805811
b643520f7228224654499eb949e69429,0.13468228
b66d8795082300ad68545d0eb3cfa221,0.73599786
b68f51c1588aa80726282637d285f2ed,0.46111715
b6ac068fcee90782ff0213a9cf4fa8f4,0.13123547
b6c55644d63a94795ece78ba2ba85d47,0.10937078
b6e9b699603cfcf7e98468d9b2c0f615,0.80043244
b7e7cfa300582655019b6db08975c693,0.93043447
b7f171eaf9dc1f0f8c681c30951518a4,0.43816313
b882f075946d773a435e7498696f5cf4,0.50091815
b884647d2eb19f8c494d04ff978e4697,0.3769041
b8d674d491366ffe75bb10ccf7f370c6,0.45137373
b8f665c8f495f299059c20b4dd3ac2d1,0.93648326
b90dc8125702aba82d9137bf3c2bf377,0.1959289
b948738d336d9db9f94f39c9a3c5f877,0.6364091
b9666bfe3c0b74603e2f030fed7519de,0.30085203
b97fd531fc7522b00e72532d8fa9f38d,0.06309062
b9a260e8f02f4538a0430d333085401a,0.112645224
b9ceebb101fddaeb9a937923f1580428,0.75283
ba10015e28038da87ab3ceae2f959704,0.30748406
ba60ca6f0b9093a5570317505d896df3,0.5101353
ba6aa99a225e802b42073c24f4878b88,0.5272756
ba96b405a7a429c03cf7906ffb29b0ed,0.5625926
bae6e9a45e7df6aeb7e8a87b8760ae92,0.2509313
baea87752af872174964dd3473d38526,0.32886028
bb0550c15a1e0cb3e6cf6aab0969d2b7,0.0768742
bb0b1ade310d72103d513a0c89393d89,0.42907926
bb6fdb24c079cbea0c077df5ee3d5341,0.36970893
bba08350e4aa3cc619caad4cae1d63eb,0.75304574
bccded16bc6879d2729722aa8925d98c,0.07547766
bd693005ec5471f88426c0bdaabbd427,0.56631327
bd6b40c3fae25f93646e1c5fff550bfd,0.05534288
bd787a2f7be1caa5bdb4c27662da99ef,0.9729733
be4c0b63aa5e96df822d00d41d778d87,0.45872447
be7ef53cdf081151204121ae1d248431,0.7973298
bf2521857410ea74062dab71063413af,0.697852
bf29ffddb2fafaff913a3cb79d027e3e,0.7496212
bf6f6f29e6d8b1e3bf773f405c64eb54,0.080194026
bfa5da8cab8a2258412c38d00ff0a595,0.28207007
bfc5d09b4971ac506ece7b4670d6bf65,0.14013195
bffd6cb498f85c0554c677c3086b3611,0.076101124
c0034a28c4c0fe84c36f477086d4740a,0.29296732
c0eba9612d0d533dea64ec895ffb2480,0.49149543
c0f9c5ca802a3ed926642dfdd06e027c,0.9527029
c103aa92f8c8f4babfff703dbed40172,0.12616487
c147a9cd79679e1cf8597dc6f9e72567,0.7552534
c159f0bca7df9f6dd58ef2ecf7c93791,0.86394477
c1a4076674a957eaa3caddff7bbe5b7a,0.095854744
c1f224087a8dfe9c59f02d5857145359,0.07763235
c20371cb1683ff049f277439b4aafb28,0.2821889
c26531a240709f992f8131e4584b3170,0.9110361
c2b11a9e21236ea3b200c4b98c7e7524,0.16448915
c2c0ccc732f261297cbd0fd29407a2d3,0.27264416
c3718badd2812d3833e4b8981d0d1e1b,0.87422496
c372ee85b4be348075575059c82be034,0.4875482
c3ea1c9614d17f942a447aae455729e7,0.6673466
c420ad26a6424e224c711824401c2406,0.7474234
c44ffe3e31611296a25cee97e53b9d6c,0.0921055
c53dc6351548b0593d182c494b0a85f8,0.16360027
c5acd7967ffdc2446da127f429ea059e,0.77500343
c5cfca68c83986f1f548d69bbf6a2e52,0.41850775
c605620a83c147ca6516af03c70c52d1,0.22272624
c6797cb9a52d7fcfa1bb0bbb5b5b5651,0.4282099
c68b81d4271f3c5ae17fe55b2bb067b3,0.50574464
c6dfe498607cdc43e19406a1d32ef919,0.43589357
c6fcb451802f79920192a329c274c893,0.41438273
c70c309465d06bb118c88bcee64b4787,0.6864113
c75af53ff77eb5a37b34e350754d2bb8,0.18838094
c798316158a5f7354904f44f088b4e3b,0.47954732
c8be102fcd2a0cfdb9a3d2a26cad45f7,0.4560292
c8e21bdf77a1cf6ee994e5600adafd86,0.48633772
c941fe885e3026c1c6af4b73eea14e2b,0.30796096
c9976d4c61a2c70ff6f9116d0dee0b80,0.69435567
c9e12367fbe01f2bcef0016764367e06,0.7761996
c9e65a6b61fed91f0da7d9a44df75bdb,0.12267238
ca202c21ab7269618d038ee9ecbc8456,0.23280065
ca4b8bf91f708113a62d00b1cdcbefe2,0.83330166
ca6d5390a1ac99d9eb3ae0d62bec3509,0.27731338
ca8aeff4b603f687c21bf6764d557f41,0.79643625
cac6b69b7fd9a0dfb731d22436ef3d0e,0.08689132
cb2e0817eccbaf5e9a27dac32050843a,0.7699143
cbc8ad9fd25c13a4e82aa798c7ce1b57,0.8404614
cbe7f1ee395c0018719e2d234ee2d183,0.49354026
cc0f0e69ab9a7dec22fcc5dda2a37e23,0.28615654
cca4393980e525cf7e052e4473d47074,0.09832425
cce2784988e35787e964b8a48f0dca52,0.60731447
cd1d5b18566bdbb284d784bdde5744b0,0.06490861
cd94dea8d9bb2fe0b7974822c647cef2,0.33361006
d027084e7a6f112eea53edb6e96f4f5b,0.7748262
d02aa4b7270f25d0f4413a2299648b1f,0.44610563
d057caa3a605d07b95acda8f9c56f5ec,0.24969204
d12dd77a7c7f692b354312d88910445a,0.3387139
d1498f0c60ac114b302a7090a269f89a,0.8075046
d2098ab4a12e71b7265305580db4145d,0.7834639
d28bedeeeb9d6d6773a8c965481163fa,0.36474192
d29d8f57cad284ff433ca4d6a93e6c28,0.64182764
d2aba2e26bb9ece9381a8d2572dccc63,0.40573528
d2d59696a8d774beb110f18377965260,0.9362411
d3daf4329c6c071853abf44e0896cc42,0.83455634
d4dd94cb87c93bdc922a8d34e215f89d,0.047872398
d537e3544dc0ec1cfa5818326d3d7edc,0.065612905
d58d159b2ff2e8a8126adaa406b845e1,0.56645805
d5bff6e13e4d00c7301404df709f4d36,0.12570862
d6ae7721bbc260db492d08974d832679,0.54529834
d6d0454c917039cbdfe15707d874dbe8,0.92345643
d78977f41ba412d70670d01f9fc95b72,0.15066667
d7a56b2486b7cd0e03599c10a1361515,0.878031
d7ffb43ec87640d25155d047b0fb0777,0.37387854
d850824b80f81ffc0a080d0dc60f8505,0.9440205
d8a439a820e0c01236d150b0f0229acb,0.042951103
d8c3316066e1fa332443ecdb5454176b,0.5675284
d92b0057b83d362b33c7e4cae8b67191,0.22118525
d95fef256cbdc977b9cfe11e2f06b96b,0.24851583
d97201ec57faacde21923d26014e802b,0.07202438
d9be385e21c616fe2228bf53fb32e415,0.35846177
d9f29544cd3928b20fe9707d2f919918,0.94291717
da5bee69ef772c481b9590fb367d1b3b,0.8753029
dac871c347bb022b017d6b29a85b8987,0.719372
dadf92d52036bc7bfb1b802379e1cdb0,0.051101334
db44056aae190234a80c34388cce9888,0.86202043
db9851149b37fa2440fc4418294eae58,0.5236989
dc9eb487bf5e669201f1273932fc6152,0.88807243
ddec7abe598e486e048549c5f18cca45,0.12634456
df1b4a19e0fd488f71a722a4328c95a8,0.37290618
df3c959c6ca886d0dc209a067153b538,0.057468776
df4c8722c3e9757c44d7355c62930e67,0.10966806
dfaab4164bb7093a387c6b4f820b13db,0.3257239
e0049d0e3833b2978f0c5d14534cf29d,0.82032907
e172b49753dcbeaf2a4a492a11ff2c36,0.26724374
e19f4e3c891be251bc3d3213b39579b7,0.91212314
e240871e218ae175f6263801378dcca1,0.8731995
e28246264d735aa44ecf3894c6219c10,0.5060392
e29c7f97e1185142f7b1bc9b045459bb,0.27783754
e2af593dd37ad9efb0b2ee69ae28181d,0.8144699
e306fd094a0991bfae3566801e077473,0.0833473
e30cee39b49cc8f7239beef189c15436,0.05451215
e35ece8adb5e6ac116f2c501578ab5a4,0.9606962
e3f89b6433f20b3597d42193df4d3ce4,0.8544245
e40c188b48edac69c1e7f215ca3421a7,0.55361575
e433c67b4ced88af165f5322aa67b211,0.568379
e468ef9cdd2893ecb602e9605b06bdde,0.12247608
e4763d78028ccb1883a3f756bef9ffba,0.114557706
e4c3a3e6d76b76749e550c34a98d357d,0.30925405
e5072cfc598c54d466969032ca54d63f,0.14121507
e53a67cc9a3c311c533553eabfa86aca,0.19124119
e54db5fb66dc4449f7b6c32136221814,0.1751546
e6137b87472d1c11e0fb9ca81a055ead,0.72696316
e615e91ce8b3c0665dbe9cf2b8dd4ea1,0.49636158
e61d3041a1e6e49e77b361f5599333aa,0.5736557
e65e021b3375a0d3fe97bf5a5b8f3ff2,0.23138583
e66feee7bb428ae191c6dfe9f185bb6e,0.3320293
e6867af4e54bf413196fb511f2721f1e,0.47693563
e6c0ba3d40d21da5a3223a1f7aa87e9e,0.13399385
e72d4c0e60ed7ddf479980d710a39bc1,0.24836443
e75349ca247696be5f4a283d449baabe,0.17917268
e7952326d7fd1e359d33bccf918a73f0,0.32486936
e7bce046813a4f86e1400ba36e0eea1b,0.42928612
e87c2a82466fac99b0019bd66f7b99ed,0.25191405
e89f8505edcc1828967b118a4a128497,0.88473606
e9101ffb7166383387c605feb71f63d7,0.12586132
e94d1278ae4e76c8c1b9e024a7ed83d6,0.29868177
e976202a67414f630a5322b46ede575d,0.43900543
ea344de37e46e4c8bd11acbdacbf7fa9,0.3173288
ea48c2db9f4299e810a34b1dd72fa383,0.23337255
eabc726be712ca8e46567c86f30ce7f5,0.08030887
eb50362e936b5f125411a174223ce580,0.92632693
eb6764f86b7400539073d984c61d0975,0.17094603
ebba62a79916fbaf0ae73efa3228feb4,0.074118905
ec29de5a5b21cfe3eb5586cdf4760774,0.6206303
ec506e3afeb57bf29e8a0c20bbc07468,0.27926818
ec99b14fbb3fa2943209cc2824f693b0,0.3051696
ecfb8a63a01fbcc9a60307b0dd0775bd,0.12881058
ed2d34a5168b60badec71d561ae4c430,0.78403825
ed2d5456bba8340dd75c37463b0a34a2,0.0880121
ed5de1c54eb575d027cfdce48fa15d2d,0.891953
ed7f8fdb0f4054710a2836e7005edcaf,0.070291616
ed8b0ac27ca257f61ef7c96d43f8ea4f,0.49151155
ee18d5d52340b9913fa423c32011722a,0.8887903
ee251b0c0950181c7ee2ebeffaa88411,0.08583439
ee2c116a6ef1d413ca62641f3e62e4da,0.6022278
ee699a500ea8e7a58ca70f926a35ebfe,0.46772596
eedc5ec53f7eebb1f326a03bb2e03a4d,0.7423268
eee19ffe2cbb8d4fd52d204b2571b660,0.7066882
ef8df0b0e054edf55015de8956e96883,0.60705024
ef8e6a57c7a4fd1526908ec4fcd97260,0.51560915
efa612c98335533cecb0ad7bf32e44d2,0.3497648
f032a6d61a0850fd4c91da4b48927184,0.6016168
f0453931a6cff016b3242475cf328adc,0.59168833
f094789fb0b0a2dee28ca876210f992e,0.70165735
f11d7a67d566a5a94d8643023a4dc60e,0.16469458
f13f0e52bf6148bb8bd24662a6078ff6,0.06413141
f16f0e8dc610bf419eb32c31269e33ec,0.5796573
f1cf3366be8f5dce018e3e137eb2a1c4,0.5726092
f1da7a2a14221d68baf6637e4996452e,0.10585503
f26bf77be9bfa843607f64d6a6bd2418,0.67734635
f2709d57270be45499b16a09d9af8951,0.08687962
f2b5ed79293b0c8ef1c9abc34863cb87,0.20164287
f2cf63568a152c400cf2f6431c77a2c7,0.060431063
f3cf1d69cb216709532100f5f635bffe,0.8903596
f3e3641d80d5fe5302a3f4419b7e26b6,0.11243117
f412529c2d44859e8c1cfa9857ebc8a5,0.39360797
f420b6cc52d7140a708968c0da37cd44,0.025215572
f43bf95922f8ae0078cf4fda3296e7d9,0.330421
f49804405d6e5aa0e6aeda05effb7de1,0.2411086
f49b5cb001574af87e558e8e9889627f,0.04804133
f4afb59528cebc70c36d6675d7295e2c,0.93240654
f519737e443b35f93ed83aa7a1e2bd7b,0.07790113
f56fc3660ebb76b9632d41cf23738184,0.2725313
f5723acd3730292af8841cbb6ec30b72,0.057954013
f643ac6e0c9c01de568baa281e405748,0.44049853
f68e6e413fd4c2cce17ce6ccc21a936c,0.3217134
f69b1494831a1742ea26af97990ef36c,0.5887258
f734e8466648d91596cf11381a72e523,0.7822465
f735999ba35f5d6c04bd54bbb80dbac7,0.08015851
f84e0738fa2718e5c1e03de6590448a6,0.13311598
f876be13f00417fda4892a53d0d1ac70,0.5072809
f87cb155d9500782129b6753f94a0e46,0.931513
f887db4af526b78eee5a1a7ff07609aa,0.42842248
f88a27513bccc68b4f6ee98ace8e8213,0.55029464
f8927cdee651135bcb99b712b43349ad,0.19656622
f8e17cb4c31f22ce031510b8568c2a75,0.7100991
f8e8f3a7005397829b13145d2653a8b9,0.28279144
f92fe058716fb74f2b0e8f1aef26c7d3,0.251673
f98937fdc9f2351a8d3c1acb38234702,0.44716302
fa49f003ebb66fc31fa8e2b9fe208437,0.04939924
fa646b310bbc3837afff4ea1862ea0ec,0.35867754
fa87f4c5656bb0ab57eacd210366f071,0.41853666
fb08aab11372fb79a8fdb7ba1209da43,0.09380516
fb0e5a172ad766c9b27fb8d27769701d,0.25094146
fb3081e7f534f8fefe74af3420e215fe,0.045547113
fb3689cb5cc793c0839a01d43467bbc0,0.4647425
fb54a60e0ceffd09e33df74fff6920c9,0.490236
fbcf06a239a52329d297ff7e4571a448,0.8941772
fbe036c4deea50ac36feeb4985d9c079,0.15064168
fc0c7c937f139bd6d1c5b5d0a0023dd3,0.37974542
fc8de34c5f40f0fc9af2728937a4dac9,0.33636808
fc9c65495fdefaedc4a30f4aed842419,0.41219378
fd69f6a3feb052176755303cfb30654b,0.84007335
fd7f076618df1d17dfa384b5457b10bd,0.19063285
fdc9946769b1a64d5320364c1a34ca9a,0.8471196
fe084e295034c4bd6ae4498af6882bb5,0.31401995
fe9c3e9c58a97ba6c2922237bfc2a7c6,0.14102888
fee8ac01c79388b623134d61d49c8900,0.33131155
ff3fe45f7240273e9e22dbffbdf8fd48,0.9201794
ffb2ae2399e91e4e0c1e10304d6d4d0b,0.191898
